youdescribe_link,audio_clip_file_path,audio_clip_file_name,audio_clip_start_time,audio_clip_end_time,audio_clip_duration,audio_clip_playback_type,db_transcript,openai/whisper-large-v2,openai/whisper-large,openai/whisper-large-v3,distil-whisper/distil-large-v2,distil-whisper/distil-medium.en
https://youdescribe.org/video/QeYISW-Jplw?ad=5ded335a3568613e35e7eff0,/current/QeYISW-Jplw,QeYISW-Jplw_5df3ae5dcca06d62bf8f6c55.wav,960.4681369694824,1020.4574703028158,59.989,inline,three figures make their way onto a dark stage the director the actress in the man the director of all diverse Skin Man in the dark suit quickly looks the roll of film on the opposite corner the dark-haired man dressed in a white suit wraps the actress in a white feather road to match the ropes of pearls hanging around her neck he guides her up the spiral staircase behind them the director notices in jumps across the stage he holds her pleadingly but she resists he takes the white feather rope hastily leaving her in a black Shimmer and gown he points out the actress to leave he points again and she looks at him baffled the actress looks back at the man and makes her way up the stairs the director looks away invisible distress he looks back up and angrily points twice more at the pair Still Standing atop the staircase the actress in The Man disappear and exit the stage," Three figures make their way onto a dark stage. The director, the actress, and the man. The director, a bald, ivory-skinned man in a dark suit, quickly looks through a roll of film. On the opposite corner, the dark-haired man dressed in a white suit wraps the actress in a white feather robe to match the ropes of pearls hanging around her neck. He guides her up the spiral staircase behind them. The director notices and jumps across the stage. He holds her pleadingly, but she resists. He takes the white feather rope hastily, leaving her in a black shimmering gown. He points at the actress to leave. He points again, and she looks at him baffled. The actress looks back at the man and makes her way up the stairs. The director looks away, in visible distress. He looks back up and angrily points twice more at the pair still standing atop the staircase. The actress and the man disappear and exit the stage."," Three figures make their way onto a dark stage. The director, the actress, and the man. The director, a bald ivory-skinned man in a dark suit, quickly looks through a roll of film. On the opposite corner, the dark-haired man dressed in a white suit wraps the actress in a white feather robe to match the robes of pearls hanging around her neck. He guides her up the spiral staircase behind them. The director notices and jumps across the stage. He holds her pleadingly but she resists. He takes the white feather robe hastily, leaving her in a black shimmering gown. He points at the actress to leave. He points again and she looks at him baffled. The actress looks back at the man and makes her way up the stairs. The director looks away in visible distress. He looks back up and angrily points twice more at the pair still standing atop the staircase. The actress and the man disappear and exit the stage."," Three figures make their way onto a dark stage. The director, the actress, and the man. The director, a bald ivory skinned man in a dark suit, quickly looks through a roll of film. On the opposite corner, the dark haired man dressed in a white suit wraps the actress in a white feather robe to match the ropes of pearls hanging around her neck. He guides her up the spiral staircase behind them. The director notices and jumps across the stage. He holds her pleadingly, but she resists. He takes the white feather rope hastily, leaving her in a black shimmering gown. He points at the actress to leave. He points again and she looks at him baffled. The actress looks back at the man and makes her way up the stairs. The director looks away, invisible distress. He looks back up and angrily points twice more at the pair still standing atop the staircase. The actress and the man disappear and exit the stage."," Three figures make their way onto a dark stage, the director, the actress, and the man. The director, a bald, ivory-skinned man in a dark suit, quickly looks through a roll of film. On the opposite corner, the dark-haired man dressed in a white suit wraps the actress in a white feather robe to match the ropes of pearls hanging around her neck. He guides her up the spiral staircase behind them. The director notices and jumps across the stage. He holds her pleadingly, but she resists. He takes the white feather rope hastily, leaving her in a black shimmering gown. He points at the actress to leave. He points again, and she looks at him baffled. The actress looks back at the man and makes her way up the stairs. The director looks at the man and makes her way up the stairs. The director looks away in visible distress. He looks back up and angrily points twice more at the pair still standing atop the staircase. The actress and the man disappear and exit the stage."," Three figures make their way onto a dark stage, the director, the actress, and the man. The director, a bald ivory skin man in a dark suit quickly looks through a role of film. On the opposite corner, the dark-haired man dressed in a white suit, wraps the actress in a white feather robe to match the robes of pearls hanging around her neck. He guides her up the spiral staircase behind them. The director notices and jumps across the stage. He holds her pleadingly, but she resists. He takes the white feather robe hastily, leaving her in a black shimmering gown. He points at the actress to leave. He points again and she looks at him baffled. The actress looks back at the man and makes her way up the stairs. The director looks away in visible distress. He looks back up and angrily points twice more at the pair still standing atop the staircase. The actress and the man disappear and exit the stage."
https://youdescribe.org/video/QeYISW-Jplw?ad=5ded335a3568613e35e7eff0,/current/QeYISW-Jplw,QeYISW-Jplw_5df3ae99cca06d62bf8f6c56.wav,1021.1517028817444,1043.6797028817443,22.528,inline,the director stands alone in the dark space his hands still pointing at idle flash is an Italian the director having removed his beloved woman in an excess of jealousy remains alone and without a diva he presses his face to the white feather robe and holds it tightly he looks out into the crowd with evidence sadness in his eyes," The director stands alone in the dark space, his hand still pointing. A title flashes in Italian. The director, having removed his beloved woman in an excess of jealousy, remains alone and without a diva. He presses his face to the white feather robe and holds it tightly. He looks out into the crowd with evident sadness in his eyes."," The director stands alone in the dark space, his hand still pointing. A title flashes in Italian, the director, having removed his beloved woman in a nexus of jealousy, remains alone and without a diva. He presses his face to the white feather robe and holds it tightly. He looks out into the crowd with evident sadness in his eyes."," The director stands alone in the dark space, his hand still pointing. A title flashes in Italian. The director, having removed his beloved woman in an excess of jealousy, remains alone and without a diva. He presses his face to the white feather robe and holds it tightly. He looks out into the crowd with evident sadness in his eyes."," The director stands alone, in the dark space, his hand still pointing. A title flashes in Italian, the director, having removed his beloved woman in an excess of jealousy, remains alone and without a diva. He presses his face to the white feather robe and holds it tightly. He looks out into the crowd with evident sadness in his eyes."," The director, having removed his his having removed his beloved woman in a nexus of jealousy, remains alone and without a diva. He presses his face to the white feather robe and holds it tightly. He looks out into the crowd with evidence sadness in his eyes."
https://youdescribe.org/video/QeYISW-Jplw?ad=5ded335a3568613e35e7eff0,/current/QeYISW-Jplw,QeYISW-Jplw_5df3aeee52c28362a6f25e8f.wav,1046.8905658016358,1098.0052324683024,51.115,inline,a figure is seen entering the stage behind him from the left the director's assistant approaches the director and he to touches the feather oh the figure is revealed been over woman is seen on the other side of the stage she sensually makes herself visible displaying a pearly complexion into dark eyes to match her black hair and lips the director approaches and loves her down and up and she smiles a title reads excuse me are you the director the director brings his hands to his face in the shape of a camera in agreeance he looks around and makes his way to his chair his assistant hands him his megaphone from behind the young actress with both hands clasping her chest awaits her Direction the director yells through his megaphone making a gesture command," A figure is seen entering the stage behind him. From the left, the director's assistant approaches the director, and he too touches the feather robe. The figure is revealed. A bent-over woman is seen on the other side of the stage. She centrally makes herself visible, displaying a pearly complexion and two dark eyes to match her black hair and lips. The director approaches and looks her down and up and she smiles. A title reads, excuse me, are you the director? The director brings his hands to his face in the shape of a camera in agreeance. He looks around and makes his way to his chair. His assistant hands him his megaphone from behind. The young actress with both hands clasping her chest awaits her direction. The director yells through his megaphone making a gestured command."," A figure is seen entering the stage behind him. From the left, the director's assistant approaches the director and he too touches the feather robe. The figure is revealed. A bent over woman is seen on the other side of the stage. She essentially makes herself visible, displaying a pearly complexion and two dark eyes to match her black hair and lips. The director approaches and looks her down and up and she smiles. A title reads, Excuse me, are you the director? The director brings his hands to his face in the shape of a camera in agreeance. He looks around and makes his way to his chair. His assistant hands him his megaphone from behind. The young actress with both hands clasping her chest awaits her direction. The director yells through his megaphone making a gestured command."," A figure is seen entering the stage behind him. From the left, the director's assistant approaches the director and he too touches the feather robe. The figure is revealed. A bent over woman is seen on the other side of the stage. She centrally makes herself visible, displaying a pearly complexion and two dark eyes to match her black hair and lips. The director approaches and looks her down. her black hair and lips. The director approaches and looks her down and up, and she smiles. A title reads, excuse me, are you the director? The director brings his hands to his face in the shape of a camera in agreeance. He looks around and makes his way to his chair. His assistant hands him his megaphone from behind. The young actress, with both hands clasping her chest awaits her direction. The director yells through his megaphone, making a gestured command."," A figure is seen entering the stage behind him. From the left, the director's assistant approaches the director, and he too touches the feather robe. The figure is revealed. A bent over woman is seen on the other side of the stage. She essentially makes herself visible, displaying a pearly complexion and two dark eyes to match her black hair and lips. The director approaches and looks her down and up and she smiles. A title reads, excuse me, are you the director? The director brings his hands to his face in the shape of a camera in agreeance. He looks around and makes his way to his chair. His assistant hands him his megaphone from behind. The young actress with both hands clasping her chest awaits her direction. The director yells through his megaphone making a gestured command."," A figure is seen entering the stage behind him. From the left, the director's assistant approaches the director, and he too touches the feather robe. The figure is revealed. A bent over woman is seen on the other side of the stage. She centrally makes herself visible, displaying a pearly complexion and two dark eyes to match her black hair and lips. The director approaches and looks her down and up and she smiles. A title reads, excuse me, are you the director? The director brings his hands to his face in the shape of a camera in agreements. He looks around and makes his way to his chair. His assistant hands him his megaphone from behind. The young actress with both hands clasping her chest awaits her direction. The director yells through his megaphone making a gestured command."
https://youdescribe.org/video/QeYISW-Jplw?ad=5ded335a3568613e35e7eff0,/current/QeYISW-Jplw,QeYISW-Jplw_5df3af74cca06d62bf8f6c57.wav,1100.5045228569488,1177.9871895236156,77.483,inline,the woman silly faces the audience she suddenly begins to wail soundlessly pleading to the crowd of both hands in a fist she throws her head back covering her face and despair she then drops her hands and head smiling at the director and concluding her performance the director gestures towards his chest his face contorts into a second and more hasty demand the young actress with both hands still in her chest readies herself she turns to face the audience her mouth begins to widen into a bright beam she blows kisses into the crowd and words a humbled expression as she wraps her arms around herself she drops her smile and concludes her second performance the director points to the young actress his chest and back to the young actress he puts his megaphone to his mouth and exclaims tears the young actress looks back out into the audience visibly displeased her face contorted to a second even more disconsolate whale with both hands in a fist she pleads before she throws her head back in desperation she drops the ACT looking proud and once again smiles to the director the director looked behind him and commands her once again the title flashes and exclaims tears," The woman slowly faces the audience. She suddenly begins to wail soundlessly, pleading to the crowd with both hands in a fist. She throws her head back, covering her face in despair. She then drops her hands and head, smiling at the director and concluding her performance. The director gestures towards his chest. His face contorts into a second and more hasty demand. The young actress, with both hands still in her chest, readies herself. She turns to face the audience. Her mouth begins to widen into a bright beam. She blows kisses into the crowd and wears a humbled expression as she wraps her arms around herself. She drops her smile and concludes her second performance. The director points to the young actress, his chest, and back to the young actress. He puts his megaphone to his mouth and exclaims, tears! The young actress looks back out into the audience, visibly displeased. Her face contorts into a second, even more disconsolate wail. With both hands in a fist, she pleads before she throws her head back in desperation. She drops the act looking proud and once again smiles to the director. The director looks behind him and commands her once again. The title flashes and exclaims, tears."," The woman slowly faces the audience. She suddenly begins to wail soundlessly, pleading to the crowd with both hands and a fist. She throws her head back, covering her face in despair. She then drops her hands and head, smiling at the director and concluding her performance. The director gestures towards his chest. His face contorts into a second and more hasty demand. The young actress, with both hands still on her chest, readies herself. She turns to face the audience. Her mouth begins to widen into a bright beam. She blows kisses into the crowd and wears a humbled expression as she wraps her arms around herself. She drops her smile and concludes her second performance. The director points to the young actress, his chest, and back to the young actress. The second performance. The director points to the young actress, his chest, and back to the young actress. He puts his megaphone to his mouth and exclaims, tears. The young actress looks back out into the audience, visibly displeased. Her face contorts into a second, even more disconsolate wail. With both hands in a fist, she pleads before she throws her head back in desperation. She drops the act looking proud and once again smiles to the director. The director looks behind him and commands her once again. The title flashes and exclaims, tears."," The woman slowly faces the audience. She suddenly begins to wail soundlessly, pleading to the crowd with both hands and a fist. She throws her head back, covering her face in despair. She then drops her hands and head, smiling at the director and concluding her performance. The director gestures towards his chest. His face contorts into a second and more hasty demand. The young actress with both hands still in her chest readies herself. She turns to face the audience. Her mouth begins to face the audience. Her mouth begins to widen into a bright beam. She blows kisses into the crowd and words a humbled expression as she wraps her arms around herself. She drops her smile and concludes her second performance. The director points to the young actress, his chest, and back to the young actress. He puts his megaphone to his mouth and exclaims, Tears! The young actress looks back out into the audience, visibly displeased. Her face contorts into a second, even more disconsolate wail. With both hands in a fist, she pleads before she throws her head back in desperation. She drops the act looking proud and once again smiles to the director. The director looks behind him and commands her once again. The title flashes and exclaims, tears."," The woman slowly faces the audience. She suddenly begins to wail soundlessly, pleading to the crowd with both hands in a fist. She throws her head back, covering her face in despair. She then drops her hands and head, smiling at the director and concluding her performance. The director gestures towards his chest. His face contorts into a second and more hasty demand. The young actress, with both hands still in her chest, readies herself. She turns to face the audience. Her mouth begins to widen into a bright beam. She blows kisses into the crowd and words a humbled expression as she wraps her arms around herself. She drops her smile and concludes her second performance. The director points to the young actress, his chest, and back to the young actress. He puts his megaphone to his mouth and exclaims, tears. The young actress looks back out into the audience, visibly displeased. Her face contours it to a second, even more disconsolate wail. With both hands and a fist, she pleads before she throws her head back in desperation. She drops the act looking proud, and once again smiles to the director. The director looks behind him and commands her once again. The title flashes and exclaims, Tears."," The woman slowly faces the audience. She suddenly begins to wail soundlessly, pleading to the crowd of both hands and a fist. She throws her head back, covering her face in despair. She then drops her hands and head, smiling at the director and concluding her performance. The director gestures towards his chest. His face contorts into a second and more hasty demand. The young actress, with both hands still in her chest, readies herself. She turns to face the audience. Her mouth begins to widen into a bright being. She blows kisses into the crowd and wears a humbled expression as she wraps her arms around herself. She drops her smile and concludes her second performance. The director points to the young actress, his chest and back to the young actress. He puts his megaphone to his mouth and exclaims tears. The young actress looks back out into the audience, visibly displeased. Her face contorts it to a second, even more disconsolate whale. With both hands in a fist, she pleads before she throws her head back in desperation. She drops the act looking proud and once again smiles to the director. The director looks behind him and commands her once again. The title flashes and exclaims, tears."
https://youdescribe.org/video/QeYISW-Jplw?ad=5ded335a3568613e35e7eff0,/current/QeYISW-Jplw,QeYISW-Jplw_5df3b1d9cca06d62bf8f6c59.wav,1178.9631649961852,1234.3444983295185,55.381,inline,the young actress places both hands on her chest she flinches once she flinches twice and then she throws herself on the ground with her face between her hands she looks up at the director he looks back at her with a face of sis gust he proceeds to stand up and yelled through the microphone she looks up at him frightened a title flashes tears tears if you have any respect for me at all you will give me your tears the young actress looks distraught she reaches over to grab the megaphone the director places one side to his ear and the actress speaks into the other the title flashes please let me play come back my little one the director slowly puts the megaphone down looking interested he puts the megaphone to his mouth and mumbles something the young actress still sitting readies herself the directors crouched beside her," The young actress places both hands on her chest. She flinches once. She flinches twice, and then she throws herself on the ground with her face between her hands. She looks up at the director. He looks back at her with a face of disgust. He proceeds to stand up and yelled through the microphone. She looks up at him, frightened. A title flashes, Tears, tears, if you have any respect for me at all, you will give me your tears. The young actress looks distraught. She reaches over to grab the megaphone. The director places one side to his ear, and the actress speaks into the other. A title flashes, Please, let me play Come Back, My Little One. The director slowly puts the megaphone down, looking interested. He puts the megaphone to his mouth and mumbles something. The young actress, still sitting, readies herself. The director is crouched beside her."," The young actress places both hands on her chest. She flinches once. She flinches twice and then she throws herself on the ground with her face between her hands. She looks up at the director. He looks back at her with a face of disgust. He proceeds to stand up and yelled through the microphone. She looks up at him frightened. A title flashes, tears, tears, if you have any respect for me at all, you will give me your tears. The young actress looks distraught. She reaches over to grab the megaphone. The director places one side to his ear, and the actress speaks into the other. A title flashes, Please, let me play Come Back My Little One. The director slowly puts the megaphone down down looking interested. He puts the megaphone to his mouth and mumbles something. The young actress still sitting readies herself. The director is crouched beside her."," The young actress places both hands on her chest. She flinches once. She flinches twice, and then she throws herself on the ground with her face between her hands. She looks up at the director. He looks back at her with a face of disgust. He proceeds to stand up and yelled through the microphone. She looks up at him frightened. A title flashes, Tears, tears, if you have any respect for me at all, you will give me your tears. The young actress looks distraught. She reaches over to grab the megaphone. The director places one side to his ear, and the actress speaks into the other. A title flashes, Please, let me play Come Back, My Little One. The director slowly puts the megaphone down, looking interested. He puts the megaphone to his mouth and mumbles something. The young actress, still sitting, readies herself. The director is crouched beside her."," The young actress places both hands on her chest. She flinches once. She flinches twice and then she throws herself on the ground with her face between her hands. She looks up at the director. He looks back at her with a face of disgust. He proceeds to stand up and yelled through the microphone. She looks up at him frightened. A title flashes, tears, tears, if you have any respect for me at all, you will give me your tears. The young actress looks distraught. She reaches over to grab the megaphone. The director places one side to his ear and the actress speaks into the other. A title flashes, Please, let me play Come Back My Little One. The director slowly puts the megaphone down looking interested. He puts the megaphone to his mouth and mumbles something. The young actress still sitting readies herself. The director is crouched beside her."," The young actress places both hands on her chest. She flinches once. She flinches twice and then she throws herself on the ground with her face between her hands. She looks up at the director. He looks back at her with a face of disgust. He proceeds to stand up and yelled through the microphone. She looks up at him frightened. A title flashes, tears tears tears if you have any respect for me at all you will give me your tears The young actress looks distraught she reaches over to grab the megaphone The director places one side to his ear and the actress speaks into the other. The title flashes, please, let me play, come back, my little one. The director slowly puts the megaphone down looking interested. He puts the megaphone to his mouth and mumble something. The young actress still sitting readies herself. The director's crouch beside her."
https://youdescribe.org/video/QeYISW-Jplw?ad=5ded335a3568613e35e7eff0,/current/QeYISW-Jplw,QeYISW-Jplw_5df3b21acca06d62bf8f6c5a.wav,1236.1509210247957,1284.7909210247956,48.64,inline,they both sit still looking out into the distance the actress looks nostalgic even melancholic so does the director the director puts his arm around the young actress and she cries with both hands do holding her chest their heads cradled together they said they're the directors assistant is he crying in the back a wide shot of the stage reveals the three characters are joined by two couples standing on each side of the stage looking in the director hands the young actress a handkerchief and yells out into his megaphone a title and Italian flashes so strong and so sad," They both sit still, looking out into the distance. The actress looks nostalgic, even melancholic. So does the director. The director puts his arm around the young actress and she cries with both hands still holding her chest. Their heads cradled together, they sit there. The director's assistant is seen crying in the back. A wide shot of the stage reveals the three characters are joined by two couples standing on each side of the stage looking in. The director hands the young actress a handkerchief and yells out into his megaphone. A title in Italian flashes, So Strong and So Sad."," They both sit still, looking out into the distance. The actress looks nostalgic, even melancholic. So does the director. The director puts his arm around the young actress, and she cries with both hands still holding her chest. Their heads cradled together, they sit there. The director's assistant is seen crying in the back. A wide shot of the stage reveals the three characters are joined by two couples standing on each side of the stage looking in. The director hands the young actress a handkerchief and yells out into his megaphone. A title in Italian flashes, So Strong and So Sad."," They both sit still, looking out into the distance. The actress looks nostalgic, even melancholic. So does the director. The director puts his arm around the young actress and she cries with both hands still holding her chest. Their heads cradled together, they sit there. The director's assistant is seen crying in the back. A wide shot of the stage reveals the three characters are joined by two couples standing on each side of the stage looking in. The director hands the young actress a handkerchief and yells out into his megaphone. A title in Italian flashes, So Strong and So Sad."," They both sit still, looking out into the distance. The actress looks nostalgic, even melancholic. So does the director. The director puts his arm around the young actress and she cries with both hands still holding her chest. Their heads cradled together, they sit there. The director's assistant is seen crying in the back. A white shot of the stage reveals the three characters are joined by two couples standing on each side of the stage looking in. The director hands the young actress a handkerchief and yells out into his megaphone. A title and Italian flashes so strong and so sad."," They both sit still looking out into the distance. The actress looks nostalgic, even melancholic. So does a director. The director puts his arm around the young actress and she cries with both hands still holding her chest. Their heads cradled together, they sit there. The director's assistant is seen crying in the back. A white shot of the stage reveals the three characters are joined by two couples standing on each side of the stage looking in. The director hands their young actress a handkerchief and yells out into his microphone, a title in Italian flashes, So strong and so sad."
https://youdescribe.org/video/BQUY_fFWd0k?ad=6025c5f880c96d31ff118774,/current/BQUY_fFWd0k,BQUY_fFWd0k_6025c5f880c96d31ff118773.wav,493.494222,493.494222,3.251,extended,California Science Center logo on screen, California Science Center logo on screen., California Science Center logo on screen., California Science Center logo on screen., California Science Center logo on screen., California Science Center logo on screen.
https://youdescribe.org/video/BQUY_fFWd0k?ad=6025c5f880c96d31ff118774,/current/BQUY_fFWd0k,BQUY_fFWd0k_6025c617aad36831fd7e5e4c.wav,502.127839,502.127839,9.474,extended,text on screen to download this activity and more visit our website www.telephonesonline.co.uk / stuck at home," Text on screen. To download this activity and more, visit our website www.californiasciencecenter.org."," Text on screen. To download this activity and more, visit our website, www.californiasciencecenter.org."," Text on screen. To download this activity and more, visit our website, www.californiasciencecenter.org."," Text on screen. To download this activity and more, visit our website, www.California Science Center.org.stuck at home.", Text on screen. To download this activity and more visit our website W. W. California Science Center.org slash Duck at home.
https://youdescribe.org/video/5z_d0soK1cI?ad=5b4ea92191f5873e31fae59c,/current/5z_d0soK1cI,5z_d0soK1cI_5b4eb99c91f5873e31fae5af.wav,443.5067571525879,443.5067571525879,19.969,extended," Jamie places a knife in his right hand vertically on the chopping board. His left hand knuckles are placed against the flat of the knife blade. With his fingers and thumbs tucked under. He starts a chopping motion up and down with a knife making a tapping sound. He continues tap chopping, hardly looking down at the knife."," Jamie places the knife in his right hand, vertically on the chopping board. His left hand knuckles are placed against the flat of the knife blade, with his fingers and thumbs tucked under. He starts a chopping motion up and down with the knife, making a tapping sound. He continues tap chopping, hardly looking down at the knife."," Jamie places a knife in his right hand vertically on the chopping board. His left hand knuckles are placed against the flat of the knife blade with his fingers and thumbs tucked under. He starts a chopping motion up and down with the knife making a tapping sound. He continues tap chopping, hardly looking down at the knife."," Jamie places the knife in his right hand vertically on the chopping board. His left hand knuckles are placed against the flat of the knife blade with his fingers and thumbs tucked under. He starts a chopping motion up and down with the knife, making a tapping sound. He continues tap chopping, hardly looking down at the knife."," Jamie places the knife in his right hand vertically on the chopping board. His left hand knuckles are placed against the flat of the knife blade with his fingers and thumbs tucked under. He starts a chopping motion up and down with the knife, making a tapping sound. He continues tap chopping, hardly looking down at the knife."," Jamie places the knife in his right hand vertically on the chopping board. His left hand knuckles are placed against the flat of the knife blade with his fingers and thumbs tucked under. He starts a chopping motion up and down with a knife making a tapping sound. He continues tap chopping, hardly looking down at the knife."
https://youdescribe.org/video/5z_d0soK1cI?ad=5b4ea92191f5873e31fae59c,/current/5z_d0soK1cI,5z_d0soK1cI_5b4eba2d91f5873e31fae5b0.wav,476.81905388365175,476.81905388365175,17.183,extended," Jamie puts his knife vertically on the chopping board and places his left palm flat and horizontal on Top of the knife at the end of the blade. He then rocks the knife blade up and down on the board. His palm never leaves contact with the blade, and the blade always keeps contact with the board.", Jamie puts his knife vertically on the chopping board and places his left palm flat and horizontal on top of the knife at the end of the blade. He then rocks the knife blade up and down on the board. His palm never leaves contact with the blade and the blade always keeps contact with the board., Jamie puts his knife vertically on the chopping board and places his left palm flat and horizontal on top of the knife at the end of the blade. He then rocks the knife blade up and down on the board. His palm never leaves contact with the blade and the blade always keeps contact with the board., Jamie puts his knife vertically on the chopping board and places his left palm flat and horizontal on top of the knife at the end of the blade. He then rocks the knife blade up and down on the board. His palm never leaves contact with the blade and the blade always keeps contact with the board., Jamie puts his knife vertically on the chopping board and places his left palm flat and horizontal on top of the knife at the end of the blade. He then rocks the knife blade up and down on the board. His palm never leaves contact with the blade and the blade always keeps contact with the board., Jamie puts his knife vertically on the chopping board and places his left palm flat and horizontal on top of the knife at the end of the blade. He then rocks the knife blade up and down on the board. His palm never leaves contact with the blade and the blade always keeps contact with the board.
https://youdescribe.org/video/5z_d0soK1cI?ad=5b4ea92191f5873e31fae59c,/current/5z_d0soK1cI,5z_d0soK1cI_5b4eba5091f5873e31fae5b1.wav,478.9627940629425,478.9627940629425,13.003,extended," This is identical to rock chopping, but jamie rocks the knife blade up and down and left to right across the board. His palm never leaves contact with the blade, and the blade always keeps contact with the board.", This is identical to rock chopping but Jamie rocks the knife blade up and down and left to right across the board. His palm never leaves contact with the blade and the blade always keeps contact with the board., This is identical to rock chopping but Jamie rocks the knife blade up and down and left to right across the board. His palm never leaves contact with the blade and the blade always keeps contact with the board., This is identical to rock chopping but Jamie rocks the knife blade up and down and left to right across the board. His palm never leaves contact with the blade and the blade always keeps contact with the board., This is identical to rock chopping but Jamie rocks the knife blade up and down and left to right across the board. His palm never leaves contact with the blade and the blade always keeps contact with the board., This is identical to rock chopping but Jamie rocks the knife blade up and down and left to right across the board. His palm never leaves contact with the blade and the blade always keeps contact with the board.
https://youdescribe.org/video/5z_d0soK1cI?ad=5b4ea92191f5873e31fae59c,/current/5z_d0soK1cI,5z_d0soK1cI_5b4ebb2591f5873e31fae5b4.wav,510.4084249580383,510.4084249580383,14.582,extended," Jamie puts his knife vertically on the chopping board, placing his left palm flat and horizontal on Top of the knife at the end of the blade. He then tilts the knife blade to the left and to the right to scrape across the board."," Jamie puts his knife vertically on the chopping board, placing his left palm flat and horizontal on top of the knife at the end of the blade. He then tilts the knife blade to the left and to the right to scrape across the board."," Jamie puts his knife vertically on the chopping board, placing his left palm flat and horizontal on top of the knife at the end of the blade. He then tilts the knife blade to the left and to the right to scrape across the board."," Jamie puts his knife vertically on the chopping board, placing his left palm flat and horizontal on top of the knife at the end of the blade. He then tilts the knife blade to the left and to the right to scrape across the board."," Jamie puts his knife vertically on the chopping board, placing his left palm flat and horizontal on top of the knife at the end of the blade. He then tilts the knife blade to the left and to the right to scrape across the board."," Jamie puts his knife vertically on the chopping board, placing his left palm flat and horizontal on top of the knife at the end of the blade. He then tilts the knife blade to the left and to the right to scrape across the board."
https://youdescribe.org/video/5z_d0soK1cI?ad=5b4ea92191f5873e31fae59c,/current/5z_d0soK1cI,5z_d0soK1cI_5b4ebbc291f5873e31fae5b5.wav,537.6082619980926,537.6082619980926,13.189,extended," Jamie demonstrates cross chopping and scraping with some herbs. Then tap shopping with pieces of ginger and garlic, and finally cross chopping and scraping all of the ingredients combined together."," Jamie demonstrates cross chopping and scraping with some herbs, then tap chopping with pieces of ginger and garlic and finally cross chopping and scraping all of the ingredients combined together."," Jamie demonstrates cross-chopping and scraping with some herbs, then tap-chopping with pieces of ginger and garlic, and finally cross-chopping and scraping all of the ingredients combined together."," Jamie demonstrates cross chopping and scraping with some herbs, then tap chopping with pieces of ginger and garlic, and finally cross chopping and scraping all of the ingredients combined together."," Jamie demonstrates cross chopping and scraping with some herbs, then tap chopping with pieces of ginger and garlic, and finally cross chopping and scraping all of the ingredients combined together."," Jamey demonstrates cross chopping and scraping with some herbs, then tap chopping with pieces of ginger and garlic, and finally cross chopping and scraping all of the ingredients combined together."
https://youdescribe.org/video/5z_d0soK1cI?ad=5b4ea92191f5873e31fae59c,/current/5z_d0soK1cI,5z_d0soK1cI_5b4ebc4e91f5873e31fae5b6.wav,595.293044,595.293044,8.173,extended, J min neatly scrapes all of the chops ingredients to the right of the chopping board using the knife blade., Jamie neatly scrapes all of the chopped ingredients to the right of the chopping board using the knife blade., Jamie neatly scrapes all of the chopped ingredients to the right of the chopping board using the knife blade., Jamie neatly scrapes all of the chopped ingredients to the right of the chopping board using the knife blade., Jamie neatly scrapes all of the chopped ingredients to the right of the chopping board using the knife blade., Jamie neatly scrapes all of the chopped ingredients to the right of the chopping board using the knife blade.
https://youdescribe.org/video/5z_d0soK1cI?ad=5b4ea92191f5873e31fae59c,/current/5z_d0soK1cI,5z_d0soK1cI_5b4ebd6191f5873e31fae5b7.wav,614.3871509961853,614.3871509961853,19.691,extended," Jamie, start stop chopping some core jets with his fingers tucked in on Top of them. As he tapped chops, his fingers gradually moved back across the core jet. He moves his fingers quickly getting thicker courgette slices. He moves his fingers back very slightly and slowly, getting much finer slices."," Jamie starts tap chopping some courgettes with his fingers tucked in on top of them. As he tap chops, his fingers gradually move back across the courgette. He moves his fingers quickly, getting thicker courgette slices. He moves his fingers back very slightly and slowly, getting much finer slices."," Jamie starts tap chopping some courgettes with his fingers tucked in on top of them. As he tap chops, his fingers gradually move back across the courgette. He moves his fingers quickly, getting thicker courgette slices. He moves his fingers back very slightly and slowly, getting much finer slices."," Jamie starts tap chopping some courgettes with his fingers tucked in on top of them. As he tap chops his fingers gradually move back across the courgette. He moves his fingers quickly getting thicker courgette slices. He moves his fingers back very slightly and slowly, getting much finer slices."," Jamie starts tap chopping some corjettes with his fingers tucked in on top of them. As he tap chops, his fingers gradually move back across the corjette. He moves his fingers quickly, getting thicker corjette slices. He moves his fingers back very slightly and slowly, getting much finer slices."," Jamie starts tap chopping some cauchets with his fingers tucked in on top of them. As he tap chops his fingers gradually move back across the caujet. He moves his fingers quickly, getting thicker caujet slices. He moves his fingers back very slightly and slowly, getting much finer slices."
https://youdescribe.org/video/5z_d0soK1cI?ad=5b4ea92191f5873e31fae59c,/current/5z_d0soK1cI,5z_d0soK1cI_5b4ebded91f5873e31fae5b8.wav,689.0632228226166,689.0632228226166,11.331,extended, The courgette is rolling around because of its shape. So jamie slices a section of the bottom to give it a flat surface. And then he continues tap dropping.," The courgette is rolling around because of its shape, so Jamie slices a section of the bottom to give it a flat surface and then he continues tap chopping."," The courgette is rolling around because of its shape, so Jamie slices a section of the bottom to give it a flat surface, and then he continues tap-chopping."," The courgette is rolling around because of its shape, so Jamie slices a section of the bottom to give it a flat surface, and then he continues tap chopping."," The corjette is rolling around because of its shape, so Jamie slices a section of the bottom to give it a flat surface and then he continues tap chopping."," The cojet is rolling around because of its shape, so Jamie slices a section of the bottom to give it a flat surface and then he continues tap chopping."
https://youdescribe.org/video/5z_d0soK1cI?ad=5b4ea92191f5873e31fae59c,/current/5z_d0soK1cI,5z_d0soK1cI_5b4ebe5391f5873e31fae5b9.wav,720.5135180152588,720.5135180152588,18.483,extended," Jamie starts tap chopping the yellow pepper slice, but the skin snags. So He uses the rock chopping technique instead with his fingers tucked in, touching the side of the blade. He rock shops, the pepper mushrooms and some chilly without looking down at the knife."," Jamie starts tap chopping the yellow pepper slice but the skin snags so he uses the rock chopping technique instead with his fingers tucked in touching the side of the blade. He rock chops the pepper, mushrooms and some chili without looking down at the knife.", Jamie starts tap-chopping the yellow pepper slice but the skin snags so he uses the rock chopping technique instead with his fingers tucked in touching the side of the blade. He rock chops the pepper mushrooms and some chili without looking down at the knife.," Jamie starts tap chopping the yellow pepper slice but the skin snags so he uses the rock chopping technique instead with his fingers tucked in touching the side of the blade. He rock chops the pepper, mushrooms and some chilli without looking down at the knife."," Jamie starts tap chopping the yellow pepper slice but the skin snags so he uses the rock chopping technique instead with his fingers tucked in touching the side of the blade. He rock chops the pepper, mushrooms and some chili without looking down at the knife."," Jamie starts tap chopping the yellow pepper slice but the skin snags so he uses the rock chopping technique instead with his fingers tucked in and touching the side of the blade. He rock chops the pepper, mushrooms and some chili without looking down at the knife."
https://youdescribe.org/video/DaXwnTk0hUE?ad=609722ca3b2e2707ed898fc0,/current/DaXwnTk0hUE,DaXwnTk0hUE_609b0df93b2e2707ed8990f6.wav,403.96322111444096,406.7496156722641,2.786,inline,a box of matches, A box of matches., A box of matches., A box of matches., A box of matches., A box of matches.
https://youdescribe.org/video/DaXwnTk0hUE?ad=609722ca3b2e2707ed898fc0,/current/DaXwnTk0hUE,DaXwnTk0hUE_609b0e3cf1539c07e70d431c.wav,423.0680638512268,426.1330978648322,3.065,inline,she rubs a match on the lighting strip, She rubs a match on the lighting strip., She rubs a match on the lighting strip., She rubs a match on the lighting strip., She rubs a match on the lighting strip., She rubs a match on the lighting strip.
https://youdescribe.org/video/DaXwnTk0hUE?ad=609722ca3b2e2707ed898fc0,/current/DaXwnTk0hUE,DaXwnTk0hUE_609b0e69f1539c07e70d431d.wav,461.1567799637604,463.5716552472071,2.415,inline,she lights the candle, She lights the candle., She lights the candle., She lights the candle., She lights the candle., She lights the candle.
https://youdescribe.org/video/DaXwnTk0hUE?ad=609722ca3b2e2707ed898fc0,/current/DaXwnTk0hUE,DaXwnTk0hUE_609b0f44f1539c07e70d431e.wav,470.76644893896486,473.2742040410057,2.508,inline,she blows out the match, She blows out the match., She blows out the match., She blows out the match., She blows out the match., She blows out the match.
https://youdescribe.org/video/DaXwnTk0hUE?ad=609722ca3b2e2707ed898fc0,/current/DaXwnTk0hUE,DaXwnTk0hUE_609b0f733b2e2707ed8990f9.wav,487.9444600400543,490.54509496068926,2.601,inline,she sprays the match with water, She sprays the match with water., She sprays the match with water., She sprays the match with water., She sprays the match with water., She sprays the match with water.
https://youdescribe.org/video/DaXwnTk0hUE?ad=609722ca3b2e2707ed898fc0,/current/DaXwnTk0hUE,DaXwnTk0hUE_609b0f8d3b2e2707ed8990fa.wav,506.4519139160767,508.6810295623352,2.229,inline,black electric tape, black electric tape, Black electric tape., Black electric tape., Black electric tape., black electric tape.
https://youdescribe.org/video/DaXwnTk0hUE?ad=609722ca3b2e2707ed898fc0,/current/DaXwnTk0hUE,DaXwnTk0hUE_609b0faaf1539c07e70d431f.wav,527.899067868393,530.9641018819984,3.065,inline,she unrolls the tape, She unrolls the tape., She unrolls the tape., She unrolls the tape., She unrolls the tape., She unrolls the tape.
https://youdescribe.org/video/DaXwnTk0hUE?ad=609722ca3b2e2707ed898fc0,/current/DaXwnTk0hUE,DaXwnTk0hUE_609b0fccf1539c07e70d4320.wav,538.7068619771118,542.0505354464996,3.344,inline,she tears off a strip with their teeth, She tears off a strip with her teeth., She tears off a strip with her teeth., She tears off a strip with her teeth., She tears off a strip with her teeth., She tears off a strip with her teeth.
https://youdescribe.org/video/DaXwnTk0hUE?ad=609722ca3b2e2707ed898fc0,/current/DaXwnTk0hUE,DaXwnTk0hUE_609b0ff13b2e2707ed8990fb.wav,554.189045202179,558.2757572203196,4.087,inline,she Taps the sticky side of the tape with your fingers, She taps the sticky side of the tape with her fingers., She taps the sticky side of the tape with her fingers., She taps the sticky side of the tape with her fingers., She taps the sticky side of the tape with her fingers., She taps the sticky side of the tape with her fingers.
https://youdescribe.org/video/DaXwnTk0hUE?ad=609722ca3b2e2707ed898fc0,/current/DaXwnTk0hUE,DaXwnTk0hUE_609b10153b2e2707ed8990fc.wav,583.2389099485016,586.0253045063247,2.786,inline,she crumbles it into a ball, She crumples it into a ball., She crumples it into a ball., She crumples it into a ball., She crumples it into a ball., She crumples it into a ball.
https://youdescribe.org/video/DaXwnTk0hUE?ad=609722ca3b2e2707ed898fc0,/current/DaXwnTk0hUE,DaXwnTk0hUE_609b10493b2e2707ed8990fd.wav,621.7138899008179,625.2433230073939,3.529,inline,she sticks it to her forehead it falls off, She sticks it to her forehead. It falls off., She sticks it to her forehead. It falls off., She sticks it to her forehead. It falls off., She sticks it to her forehead. It falls off.," She sticks it to her forehead, it falls off."
https://youdescribe.org/video/DaXwnTk0hUE?ad=609722ca3b2e2707ed898fc0,/current/DaXwnTk0hUE,DaXwnTk0hUE_609b106a3b2e2707ed8990fe.wav,643.4577870114441,645.3153833833262,1.858,inline,a flashlight, A flashlight., A flashlight., A flashlight., A flashlight., a flashlight.
https://youdescribe.org/video/DaXwnTk0hUE?ad=609722ca3b2e2707ed898fc0,/current/DaXwnTk0hUE,DaXwnTk0hUE_609b1089f1539c07e70d4321.wav,648.9538630514984,651.1829786977569,2.229,inline,it doesn't turn on, It doesn't turn on., It doesn't turn on., It doesn't turn on., It doesn't turn on., It doesn't turn on.
https://youdescribe.org/video/DaXwnTk0hUE?ad=609722ca3b2e2707ed898fc0,/current/DaXwnTk0hUE,DaXwnTk0hUE_609bb5f53b2e2707ed89913f.wav,661.204930125885,663.4340457721435,2.229,inline,it turns on, It turns on., It turns on., It turns on., It turns on., It turns on.
https://youdescribe.org/video/DaXwnTk0hUE?ad=609722ca3b2e2707ed898fc0,/current/DaXwnTk0hUE,DaXwnTk0hUE_609bb626f1539c07e70d4378.wav,689.4500457959138,692.0506807165486,2.601,inline,she waves it back and forth, She waves it back and forth., She waves it back and forth., She waves it back and forth., She waves it back and forth., She waves it back and forth.
https://youdescribe.org/video/DaXwnTk0hUE?ad=609722ca3b2e2707ed898fc0,/current/DaXwnTk0hUE,DaXwnTk0hUE_609bc242f1539c07e70d438a.wav,707.2712929008179,710.8007260073939,3.529,inline,she scans your eyes the way a doctor would, She scans your eyes the way a doctor would., She scans your eyes the way a doctor would., She scans your eyes the way a doctor would., She scans your eyes the way a doctor would., She scans your eyes the way a doctor would.
https://youdescribe.org/video/DaXwnTk0hUE?ad=609722ca3b2e2707ed898fc0,/current/DaXwnTk0hUE,DaXwnTk0hUE_609bb667f1539c07e70d4379.wav,717.6739310801087,721.3891238238729,3.715,inline,she shines the light into the camera lens, She shines the light into the camera lens., She shines the light into the camera lens., She shines the light into the camera lens., She shines the light into the camera lens., She shines the light into the camera lens.
https://youdescribe.org/video/DaXwnTk0hUE?ad=609722ca3b2e2707ed898fc0,/current/DaXwnTk0hUE,DaXwnTk0hUE_609bc2743b2e2707ed899153.wav,720.5134050190735,723.7641986698671,3.251,inline,she shines it in her own eyes, She shines it in her own eyes., She shines it in her own eyes., She shines it in her own eyes., She shines it in her own eyes., She shines it in her own eyes.
https://youdescribe.org/video/DaXwnTk0hUE?ad=609722ca3b2e2707ed898fc0,/current/DaXwnTk0hUE,DaXwnTk0hUE_609bc2b2f1539c07e70d438b.wav,738.0727149160766,742.3451865714054,4.272,inline,she paints small circles in the air, She paints small circles in the air., She paints small circles in the air., She paints small circles in the air., She paints small circles in the air., She paints small circles in the air.
https://youdescribe.org/video/DaXwnTk0hUE?ad=609722ca3b2e2707ed898fc0,/current/DaXwnTk0hUE,DaXwnTk0hUE_609bc2edf1539c07e70d438c.wav,761.8090978912811,767.5676466441156,5.759,inline,she rubs the light into your left eye and then scans it, She rubs the light into your left eye and then scans it., She rubs the light into your left eye and then scans it., She rubs the light into your left eye and then scans it., She rubs the light into your left eye and then scans it., She rubs the light into your left eye and then scans it.
https://youdescribe.org/video/DaXwnTk0hUE?ad=609722ca3b2e2707ed898fc0,/current/DaXwnTk0hUE,DaXwnTk0hUE_609bb6cdf1539c07e70d437a.wav,771.8201590782013,776.928549100877,5.108,inline,she moves a flashlight up and downshe moves a flashlight up and down, She moves the flashlight up and down., She moves the flashlight up and down., She moves the flashlight up and down., She moves the flashlight up and down., She moves the flashlight up and down.
https://youdescribe.org/video/DaXwnTk0hUE?ad=609722ca3b2e2707ed898fc0,/current/DaXwnTk0hUE,DaXwnTk0hUE_609bc319f1539c07e70d438d.wav,787.8493829904633,791.1001766412569,3.251,inline,she shines it into your right eye, She shines it into your right eye., She shines it into your right eye., She shines it into your right eye., She shines it into your right eye., She shines it into your right eye.
https://youdescribe.org/video/DaXwnTk0hUE?ad=609722ca3b2e2707ed898fc0,/current/DaXwnTk0hUE,DaXwnTk0hUE_609bc3413b2e2707ed899154.wav,795.8763268970032,799.7772792779556,3.901,inline,she makes a circle around your face, She makes a circle around your face., She makes a circle around your face., She makes a circle around your face., She makes a circle around your face., She makes a circle around your face.
https://youdescribe.org/video/DaXwnTk0hUE?ad=609722ca3b2e2707ed898fc0,/current/DaXwnTk0hUE,DaXwnTk0hUE_609bb74e3b2e2707ed899141.wav,881.349433,885.1575055623582,3.808,inline,she rubs the lotion between her hands, She rubs the lotion between her hands., She wraps the lotion between her hands., She wraps the lotion between her hands., She rubs the lotion between her hands., She wraps the lotion between her hands.
https://youdescribe.org/video/DaXwnTk0hUE?ad=609722ca3b2e2707ed898fc0,/current/DaXwnTk0hUE,DaXwnTk0hUE_609bb7893b2e2707ed899142.wav,931.4462319771118,934.4183861721232,2.972,inline,she massages her hands, She massages her hands., She massages her hands., She massages her hands., She massages her hands., She massages her hands.
https://youdescribe.org/video/DaXwnTk0hUE?ad=609722ca3b2e2707ed898fc0,/current/DaXwnTk0hUE,DaXwnTk0hUE_609bb7b1f1539c07e70d437b.wav,963.4611089904632,966.711902641257,3.251,inline,she rubs the lotion on her arms, She rubs the lotion on her arms., She wraps lotion on her arms., She rubbed solution on her arms., She wraps the lotion on her arms., She wrapped a lotion on her arms.
https://youdescribe.org/video/DaXwnTk0hUE?ad=609722ca3b2e2707ed898fc0,/current/DaXwnTk0hUE,DaXwnTk0hUE_609bb7f1f1539c07e70d437c.wav,992.8924199427796,996.3289732307612,3.437,inline,she uses her thumbs to massage your fingers, She uses her thumbs to massage her fingers., She uses her thumbs to massage her fingers., She uses her thumbs to massage her fingers., She uses her thumbs to massage her fingers., She uses her thumbs to massage her fingers.
https://youdescribe.org/video/DaXwnTk0hUE?ad=609722ca3b2e2707ed898fc0,/current/DaXwnTk0hUE,DaXwnTk0hUE_609bb8bc3b2e2707ed899144.wav,1131.7080390343324,1134.3086739549674,2.601,inline,the flowers are in a glass vase, The flowers are in a glass vase., The flowers are in a glass vase., The flowers are in a glass vase., The flowers are in a glass phase., The flowers are in a glass phase.
https://youdescribe.org/video/DaXwnTk0hUE?ad=609722ca3b2e2707ed898fc0,/current/DaXwnTk0hUE,DaXwnTk0hUE_609bb94d3b2e2707ed899146.wav,1256.3733779141694,1258.695373379022,2.322,inline,she takes the flowers out of the vase, She takes the flowers out of the vase., She takes the flowers out of the vase, She takes the flowers out of the vase., She takes the flowers out of the vase., She takes the flowers out of the vase.
https://youdescribe.org/video/DaXwnTk0hUE?ad=609722ca3b2e2707ed898fc0,/current/DaXwnTk0hUE,DaXwnTk0hUE_609bb9733b2e2707ed899147.wav,1279.951244994278,1283.9450771938243,3.994,inline,she uses them to brush the camera, She uses them to brush the camera., She uses them to brush the camera., She uses them to brush the camera., She uses them to brush the camera., She uses them to brush the camera.
https://youdescribe.org/video/DaXwnTk0hUE?ad=609722ca3b2e2707ed898fc0,/current/DaXwnTk0hUE,DaXwnTk0hUE_609bbc173b2e2707ed899148.wav,1950.8611871430512,1954.8550193425976,3.994,inline,she uses a powder brush to brush the microphone, She uses a powder brush to brush the microphone., She uses a powder brush to brush the microphone., She uses a powder brush to brush the microphone., She uses a powder brush to brush the microphone., She uses a powder brush to brush the microphone.
https://youdescribe.org/video/DaXwnTk0hUE?ad=609722ca3b2e2707ed898fc0,/current/DaXwnTk0hUE,DaXwnTk0hUE_609bbc813b2e2707ed899149.wav,2112.5402551621246,2115.048010264165,2.508,inline,she Taps a glass of water, She taps a glass of water., She taps a glass of water., She taps a glass of water., She taps a glass of water., She taps a glass of water.
https://youdescribe.org/video/DaXwnTk0hUE?ad=609722ca3b2e2707ed898fc0,/current/DaXwnTk0hUE,DaXwnTk0hUE_609bbcbe3b2e2707ed89914a.wav,2125.978719066757,2128.7651136245804,2.786,inline,she takes out a second Empty Glass, She takes out a second empty glass., She takes out a second empty glass., She takes out a second empty glass., She takes at a second empty glass., She takes at a second empty glass.
https://youdescribe.org/video/DaXwnTk0hUE?ad=609722ca3b2e2707ed898fc0,/current/DaXwnTk0hUE,DaXwnTk0hUE_609bbcfcf1539c07e70d437d.wav,2218.233119135421,2220.92663387465,2.694,inline,she wipes the microphone with a towel, She wipes the microphone with a towel., She wipes the microphone with a towel., She wipes the microphone with a towel., She wipes the microphone with a towel., She wipes the microphone with a towel.
https://youdescribe.org/video/DaXwnTk0hUE?ad=609722ca3b2e2707ed898fc0,/current/DaXwnTk0hUE,DaXwnTk0hUE_609bbd77f1539c07e70d437e.wav,2399.1374600190734,2401.459455483926,2.322,inline,she's bracelet owl, She sprays the towel., She sprays the towel., She sprays the towel., She sprays the towel., She sprays the towel.
https://youdescribe.org/video/DaXwnTk0hUE?ad=609722ca3b2e2707ed898fc0,/current/DaXwnTk0hUE,DaXwnTk0hUE_609bbe223b2e2707ed89914b.wav,2573.483989043869,2577.106301969039,3.622,inline,a small aerosol canister with a plastic lid, A small aerosol canister with a plastic lid., A small aerosol canister with a plastic lid., A small aerosol canister with a plastic lid., A small aerosol canister with a plastic lid., a small aerosol canister with a plastic lid.
https://youdescribe.org/video/DaXwnTk0hUE?ad=609722ca3b2e2707ed898fc0,/current/DaXwnTk0hUE,DaXwnTk0hUE_609bbe5cf1539c07e70d437f.wav,2618.9943050934603,2621.8735794698773,2.879,inline,the SEC plastic twist jar, A thick plastic twist jar., A thick plastic twist jar., A thick plastic twist jar., A thick plastic twist jar., A thick plastic twist jar.
https://youdescribe.org/video/DaXwnTk0hUE?ad=609722ca3b2e2707ed898fc0,/current/DaXwnTk0hUE,DaXwnTk0hUE_609bbe813b2e2707ed89914c.wav,2668.347766005722,2671.319920200733,2.972,inline,a small plastic spray bottle, A small plastic spray bottle., A small plastic spray bottle., A small plastic spray bottle., A small plastic spray bottle., a small plastic spray bottle.
https://youdescribe.org/video/DaXwnTk0hUE?ad=609722ca3b2e2707ed898fc0,/current/DaXwnTk0hUE,DaXwnTk0hUE_609bbeb0f1539c07e70d4380.wav,2703.647296996185,2705.7835328238493,2.136,inline,small mason jar, A small mason jar., A small mason jar., A small mason jar., A small mason jar., a small mason jar.
https://youdescribe.org/video/DaXwnTk0hUE?ad=609722ca3b2e2707ed898fc0,/current/DaXwnTk0hUE,DaXwnTk0hUE_609bbf92f1539c07e70d4385.wav,2747.5384359866484,2749.860431451501,2.322,inline,a notepad, a notepad, A Notepad, A notepad., A notepad., A notepad.
https://youdescribe.org/video/DaXwnTk0hUE?ad=609722ca3b2e2707ed898fc0,/current/DaXwnTk0hUE,DaXwnTk0hUE_609bbf65f1539c07e70d4383.wav,2946.7513907959137,2949.537785353737,2.786,inline,she peels the page off the notepad, She peels the page off the notepad., She peels the page off the notepad., She peels the page off the notepad., She peels the page off the notepad., She peels the page off the notepad.
https://youdescribe.org/video/DaXwnTk0hUE?ad=609722ca3b2e2707ed898fc0,/current/DaXwnTk0hUE,DaXwnTk0hUE_609bbfbef1539c07e70d4386.wav,3071.3138470400545,3074.1931214164715,2.879,inline,she crumbles the page into a ball, She crumples the page into a ball., She crumples the page into a ball., She crumples the page into a ball., She crumples the page into a ball., She crumples the page into a ball.
https://youdescribe.org/video/DaXwnTk0hUE?ad=609722ca3b2e2707ed898fc0,/current/DaXwnTk0hUE,DaXwnTk0hUE_609bbff53b2e2707ed89914e.wav,3128.388298919891,3131.360453114902,2.972,inline,she's holding two crumpled pages, She's holding two crumpled pages., She's holding two crumpled pages., She's holding two crumpled pages., She's holding two crumpled pages., She's holding two crumpled pages.
https://youdescribe.org/video/DaXwnTk0hUE?ad=609722ca3b2e2707ed898fc0,/current/DaXwnTk0hUE,DaXwnTk0hUE_609bc0383b2e2707ed89914f.wav,3189.371780001907,3193.8300112944244,4.458,inline,she flutters her fingers and makes a wave with her arm, She flutters her fingers and makes a wave with her arm., She flutters her fingers and makes a wave with her arm., She flutters her fingers and makes a wave with her arm., She flutters her fingers and makes a wave with her arm., She flutters her fingers and makes a wave with her arm.
https://youdescribe.org/video/DaXwnTk0hUE?ad=609722ca3b2e2707ed898fc0,/current/DaXwnTk0hUE,DaXwnTk0hUE_609bc05d3b2e2707ed899150.wav,3202.838494026703,3207.29672531922,4.458,inline,she caresses the camera finger splayed Palms open," She caresses the camera, fingers splayed, palms open."," She caresses the camera, fingers splayed, palms open."," She caresses the camera, fingers splayed, palms open."," She caresses the camera, fingers splayed, palms open."," She caresses the camera, fingers played palms open."
https://youdescribe.org/video/DaXwnTk0hUE?ad=609722ca3b2e2707ed898fc0,/current/DaXwnTk0hUE,DaXwnTk0hUE_609bc084f1539c07e70d4387.wav,3214.47859,3217.6365038322,3.158,inline,she wraps her fingers against her arm, She rubs her fingers against her arm., She rubs her fingers against her arm., She wraps her fingers against her arm., She raps her fingers against her arm., She wraps her fingers against her arm.
https://youdescribe.org/video/DaXwnTk0hUE?ad=609722ca3b2e2707ed898fc0,/current/DaXwnTk0hUE,DaXwnTk0hUE_609bc0abf1539c07e70d4388.wav,3223.883884066757,3227.877716266304,3.994,inline,she are mimes the shape of a heart, She eremimes the shape of a heart., She air-mimes the shape of a heart., She ear mimes the shape of a heart., She earmimes the shape of a heart., She ermimes the shape of a heart.
https://youdescribe.org/video/DaXwnTk0hUE?ad=609722ca3b2e2707ed898fc0,/current/DaXwnTk0hUE,DaXwnTk0hUE_609bc10d3b2e2707ed899151.wav,3237.856343891281,3243.243373369739,5.387,inline,she flutters her fingers in a circular motionshe flutters her fingers in a circular motion, She flutters her fingers in a circular motion., She flutters her fingers in a circular motion., She flutters her fingers in a circular motion., She flutters her fingers in a circular motion., She flutters her fingers in a circular motion.
https://youdescribe.org/video/DaXwnTk0hUE?ad=609722ca3b2e2707ed898fc0,/current/DaXwnTk0hUE,DaXwnTk0hUE_609bc1573b2e2707ed899152.wav,3241.22377906485,3259.521103327889,18.297,inline,she flutters her fingers across her eyes she caresses the camera with two fingers she switches to the other hand, She flutters her fingers across her eyes. She caresses the camera with two fingers. She switches to the other hand., She flutters her fingers across her eyes. She caresses the camera with two fingers. She switches to the other hand., She flutters her fingers across her eyes. She caresses the camera with two fingers. She switches to the other hand., She flutters her fingers across her eyes. She caresses the camera with two fingers. She switches to the other hand., She flutters her fingers across her eyes. She caresses the camera with two fingers. She switches to the other hand.
https://youdescribe.org/video/DaXwnTk0hUE?ad=609722ca3b2e2707ed898fc0,/current/DaXwnTk0hUE,DaXwnTk0hUE_609bc186f1539c07e70d4389.wav,3265.0101968760223,3269.096908894163,4.087,inline,she are Taps the camera one hand at a time," She air taps the camera, one hand at a time.", She air taps the camera one hand at a time., She air taps the camera one hand at a time., She air-taps the camera one hand at a time., She air taps the camera one hand at a time.
https://youdescribe.org/video/FsdpZssRSs0?ad=58e7cf3a46e13dfd851a27aa,/legacy,14788696618521.wav,283.913,283.913,1.79,extended, The crowds began to play., The crows begin to play., The crows begin to play., The crows begin to play., The crows begin to play., The Croix begin to play.
https://youdescribe.org/video/SkB4gG8ke7Q?ad=5c953a7aab5fd817ce54d0f9,/current/SkB4gG8ke7Q,SkB4gG8ke7Q_5c953b32ab5fd817ce54d0fc.wav,263.583001,263.583001,15.047,extended, On screen. A sculpture by Sophia wallace appears. It depicts the full anatomy of a clitoris. This sculpture is part of the artists project titled literacy.," On screen, a sculpture by Sophia Wallace appears. It depicts the full anatomy of a clitoris. This sculpture is part of the artist's project titled Clitorisy."," On screen, a sculpture by Sophia Wallace appears. It depicts the full anatomy of a clitoris. This sculpture is part of the artist's project titled Cliteracy."," On screen, a sculpture by Sophia Wallace appears. It depicts the full anatomy of a clitoris. This sculpture is part of the artist's project titled Clitoracy."," On screen, a sculpture by Sophia Wallace appears. It depicts the full anatomy of a clitoris. This sculpture is part of the artist's project titled Cliteracy.", On screen a sculpture by Sophia Wallace appears. It depicts the full anatomy of a clitoris. This sculpture is part of the artist's project titled Cliteracy.
https://youdescribe.org/video/SkB4gG8ke7Q?ad=5c953a7aab5fd817ce54d0f9,/current/SkB4gG8ke7Q,SkB4gG8ke7Q_5c953d76ab5fd817ce54d0ff.wav,494.840287,494.840287,46.44,extended," A diagram is presented on screen titled nonlinear model of female sexual response by doctor rosemary basin, doctor beverly whipple at all. The diagram depicts the stages of female sexual arousal in order. The stages are motivations for sex, sexual stimuli, context and mind, sexual arousal in mind and body sexual desire. And lastly satisfaction, it shows that women may start at the stages motivations for sex or sexual stimuli or sexual arousal in mind and body stemming from spontaneous desire."," A diagram is presented on screen titled Non-Linear Model of Female Sexual Response by Dr. Rosemary Basson, Dr. Beverly Whipple, et al. The diagram depicts the stages of female sexual arousal in order. The stages are motivations for sex, sexual stimuli, context and mind, sexual arousal in mind and body, sexual desire, and lastly satisfaction. It shows that women may start at the stages motivations for sex or sexual stimuli or sexual arousal in mind and body stemming from spontaneous desire."," A diagram is presented on screen titled Nonlinear Model of Female Sexual Response by Dr. Rosemary Basson, Dr. Beverly Whipple, et al. The diagram depicts the stages of female sexual arousal in order. The stages are motivations for sex, sexual stimuli, context and mind, sexual arousal in mind and body, sexual desire and lastly satisfaction. It shows that women may start at the stages motivations for sex or sexual stimuli or sexual arousal in mind and body stemming from spontaneous desire."," A diagram is presented on screen titled Nonlinear Model of Female Sexual Response by Dr. Rosemary Bassong, Dr. Beverly Whipple, et al. The diagram depicts the stages of female sexual arousal in order. The stages are motivations for sex, sexual stimuli, context and mind, sexual arousal in mind and body, sexual desire, and lastly, satisfaction. It shows that women may start at the stages motivations for sex or sexual stimuli or sexual arousal in mind and body, stemming from spontaneous desire."," A diagram is presented on screen titled Nonlinear Model of Female Sexual Response by Dr. Rosemary Besson, Dr. Beverly Whipple, at all. The diagram depicts the stages of female sexual arousal in order. The stages are motivations for sex, sexual stimuli, context and mind, sexual arousal in mind and body, sexual desire, and lastly, satisfaction. It shows that women may start at the stages motivations for sex or sexual stimuli or sexual arousal in mind and body, stemming from spontaneous desire."," A diagram is presented on screen titled Nonlinear Model of Female Sexual Response by Dr Rosemary Basson, Dr Beverly Whipple at all. The diagram depicts the stages of female The sexual stimuli, context and mind, sexual arousal in mind and body, sexual desire, and lastly, satisfaction. It shows that women may start at the stage's motivations for sex or sexual stimuli or sexual arousal in mind and body stemming from spontaneous desire."
https://youdescribe.org/video/6qmPNBl2e2U?ad=58e7cf2e46e13dfd851a225e,/legacy,14231584209091.wav,235.332,235.332,3.325,extended, Photo of US president barack obama., Photo of US President Barack Obama, Photo of US President Barack Obama., Photo of US President Barack Obama., Photo of US President Barack Obama., photo of US President Barack Obama.
https://youdescribe.org/video/6qmPNBl2e2U?ad=58e7cf2e46e13dfd851a225e,/legacy,14231585194151.wav,388.179,388.179,8.951,extended, Double headed arrow showing extreme left left center. Right? And extreme right. Morocco obama is just left of center.," Double headed arrow showing extreme left, left, center, right, and extreme right. Barack Obama is just left of center."," Double-headed arrow showing extreme left, left, center, right, and extreme right. Barack Obama is just left of center."," Double-headed arrow showing extreme left, left, center, right, and extreme right. Barack Obama is just left of center."," Double-headed arrow showing extreme left, left, center, right, and extreme right. Barack Obama is just left of center."," Double-headed arrow showing extreme left, left, center, right, and extreme right. Barack Obama is just left of center."
https://youdescribe.org/video/6qmPNBl2e2U?ad=58e7cf2e46e13dfd851a225e,/legacy,14231585528861.wav,396.788,396.788,6.649,extended," Same spectrum shown before, but with US president george w bush own just right of center."," Same spectrum shown before, but with U.S. President George W. Bush shown just right of center."," Same spectrum shown before, but with US President George W. Bush shown just right of center."," Same spectrum shown before, but with US President George W. Bush shown just right of center."," Same spectrum shown before, but with U.S. President, George W. Bush shown just right of center."," Same spectrum shown before, but with US President, George W Bush shown just right of center."
https://youdescribe.org/video/6qmPNBl2e2U?ad=58e7cf2e46e13dfd851a225e,/legacy,14231585868251.wav,445.684,445.684,6.649,extended, Political spectrum showing barack obama just left of center and george w bush just right of center., Political spectrum showing Barack Obama just left of center and George W. Bush just right of center., Political spectrum showing Barack Obama just left of center and George W Bush just right of center., Political spectrum showing Barack Obama just left of center and George W. Bush just right of center., Political spectrum showing Barack Obama just left of center and George W. Bush just right of center., Political spectrum showing Barack Obama just left of center and George W Bush just right of center.
https://youdescribe.org/video/6qmPNBl2e2U?ad=58e7cf2e46e13dfd851a225e,/legacy,14231586343301.wav,523.022,523.022,3.58,extended, Photo of prime minister Canada. Stephen harper., Photo of Prime Minister of Canada Stephen Harper., Photo of Prime Minister of Canada Stephen Harper., Photo of Prime Minister of Canada Stephen Harper, Photo of Prime Minister of Canada Stephen Harper., Photo of Prime Minister of Canada Stephen Harper.
https://youdescribe.org/video/6qmPNBl2e2U?ad=58e7cf2e46e13dfd851a225e,/legacy,14231586939351.wav,532.981,532.981,4.348,extended, Political spectrum shown with Stephen harper just right center., Political spectrum shown with Stephen Harper just right center., Political spectrum shown with Stephen Harper just right of center., Political spectrum shown with Stephen Harper just right center., Political spectrum shown with Stephen Harper just right center., Political spectrum shown with Stephen Harper just right center.
https://youdescribe.org/video/6qmPNBl2e2U?ad=58e7cf2e46e13dfd851a225e,/legacy,14231587141661.wav,542.961,542.961,4.092,extended, Photo of mexican president enrique pena nieto., Photo of Mexican President Enrique Pea Nieto., Photo of Mexican President Enrique Pea Nieto, Photo of Mexican President Enrique Pena Nieto., Photo of Mexican President Enrique Pena Nieto., photo of Mexican president Enrique Pea Niedo.
https://youdescribe.org/video/6qmPNBl2e2U?ad=58e7cf2e46e13dfd851a225e,/legacy,14231587413481.wav,548.543,548.543,9.463,extended, Political spectrum showing barack obama left of center harbor just right of centre and pin yet just above barack obama.," Political spectrum showing Barack Obama left of center, Harper just right of center, and Pena just above Barack Obama."," Political spectrum showing Barack Obama left of center, Harper just right of center, and Pena just above Barack Obama."," Political spectrum showing Barack Obama left of center, Harper just right of center, and Pena just above Barack Obama."," Political spectrum showing Barack Obama left of center, Harper just right of center, and Penaa just above Barack Obama."," political spectrum showing Barack Obama left of center, Harper just right of center, and Pinyat just above Barack Obama."
https://youdescribe.org/video/6qmPNBl2e2U?ad=58e7cf2e46e13dfd851a225e,/legacy,14231587930431.wav,572.296,572.296,5.115,extended," Photo of harper appears left. Photo of senior appears, right?", Photo of Harper appears left. Photo of Pea appears right.," Photo of Harper appears left, photo of Pea appears right."," Photo of Harper appears left, photo of Pea appears right."," Photo of Harper appears left, photo of Pena appears right."," Photo of Harper appears left, photo of Pena appears right."
https://youdescribe.org/video/6qmPNBl2e2U?ad=58e7cf2e46e13dfd851a225e,/legacy,14231588551331.wav,696.301,696.301,4.092,extended," Photo of former president of Mexico, felipe bay called a row.", Photo of former President of Mexico Felipe Calderon., Photo of former president of Mexico Felipe Calderon.," Photo of former President of Mexico, Felipe Calderon.", Photo of former president of Mexico Felipe Calderon.," Photo of former president of Mexico, Felipe Calderon."
https://youdescribe.org/video/6qmPNBl2e2U?ad=58e7cf2e46e13dfd851a225e,/legacy,14231589420351.wav,699.49,699.49,5.882,extended," Political spectrum showing pain, you'd just centre left and cal throw just centre, right?", Political spectrum showing Pea just center left and Caldron just center right., Political spectrum showing Pea just center left and Caldern just center right., Political spectrum showing Pea just center left and Caldern just center right., Political spectrum showing Pea just center left and Caltrow just center right., Political spectrum showing Pea just center left and Caudro just center right.
https://youdescribe.org/video/6qmPNBl2e2U?ad=58e7cf2e46e13dfd851a225e,/legacy,14231590159131.wav,723.19,723.19,2.302,extended," Photo of kyle, their own.", Photo of Kyle Doran, Photo of Calderon, Photo of Kyle Theron, Photo of Kyle the wrong., Photo
https://youdescribe.org/video/6qmPNBl2e2U?ad=58e7cf2e46e13dfd851a225e,/legacy,14231591091091.wav,804.374,804.374,2.046,extended," Photo of pain, e a.", Photo of Pea., Photo of Pea., Photo of Pea., Photo of Pena., Photo of Pena.
https://youdescribe.org/video/6qmPNBl2e2U?ad=58e7cf2e46e13dfd851a225e,/legacy,14231591648901.wav,945.043,945.043,3.325,extended," Former president of venezuela, hugo chavez,", Former President of Venezuela Hugo Chavez," Former president of Venezuela, Hugo Chavez."," Former President of Venezuela, Hugo Chavez.", Former President of Venezuela Hugo Chavez., Former President of Venezuela Hugo Chavez
https://youdescribe.org/video/6qmPNBl2e2U?ad=58e7cf2e46e13dfd851a225e,/legacy,14231591992311.wav,956.422,956.422,2.302,extended, Painting of Simon bolivar. Ah., Painting of Simone Bolivar., painting of Simone Bolivar., Painting of Simon Bolivar, Painting as Simone Bolivar., Painting as Simon Bolivar.
https://youdescribe.org/video/6qmPNBl2e2U?ad=58e7cf2e46e13dfd851a225e,/legacy,14231592334411.wav,1051.648,1051.648,4.092,extended, Photo of venezuelan president nicolas maduro., Photo of Venezuelan President Nicolas Maduro., Photo of Venezuelan President Nicolas Maduro., Photo of Venezuelan President Nicolas Maduro., Photo of Venezuelan President Nicolas Maduro., photo of Venezuelan president Nicholas Maduro.
https://youdescribe.org/video/6qmPNBl2e2U?ad=58e7cf2e46e13dfd851a225e,/legacy,14231593131931.wav,1185.625,1185.625,5.371,extended," Photos of fidel and raul castro, ex president and president of CUBA, respectively."," Photos of Fidel and Raul Castro, ex-president and president of Cuba, respectively."," Photos of Fidel and Raul Castro, ex-president and president of Cuba respectively."," Photos of Fidel and Raul Castro, ex-president and president of Cuba, respectively."," Photos of Fidel and Raoul Castro, ex-president and president of Cuba respectively."," Photos of Fidel and Raoul Castro, ex-President and President of Cuba respectively."
https://youdescribe.org/video/6qmPNBl2e2U?ad=58e7cf2e46e13dfd851a225e,/legacy,14231593680441.wav,1191.797,1191.797,6.649,extended, Political spectrum with castro brothers at extreme left and maduro just to the right of left., Political spectrum with Castro Brothers at extreme left and Maduro just to the right of left., Political spectrum with Castro brothers at extreme left and Maduro just to the right of left., Political Spectrum with Castro Brothers at extreme left and Maduro just to the right of left., Political spectrum with Castro brothers at extreme left and Maduro just to the right of left., Political Spectrum with Castro Brothers at Extreme Left and Maduro just to the right of Left.
https://youdescribe.org/video/6qmPNBl2e2U?ad=58e7cf2e46e13dfd851a225e,/legacy,14231594414631.wav,1245.161,1245.161,1.472,extended," Evil morales, president of bolivia."," Evo Morales, President of Bolivia."," Yvo Morales, President of Bolivia"," Evo Morales, President of Bolivia."," Evo Morales, President of Bolivia."," Yvo Morales, President of Bolivia."
https://youdescribe.org/video/6qmPNBl2e2U?ad=58e7cf2e46e13dfd851a225e,/legacy,14231594908971.wav,1262.929,1262.929,7.417,extended," Political spectrum with castro brothers, that extreme left than maduro to the right and morale as to the right again."," Political spectrum with Castro Brothers at extreme left, then Maduro to the right, and Morales to the right again."," Political spectrum with Castro brothers at extreme left, then Maduro to the right, and Morelos to the right again.", political spectrum of castor brothers at extreme left then maduro to the right and morelas to the right again," Political spectrum with Castro brothers at extreme left, then Maduro to the right and Morellas to the right again."," Political Spectrum with Castro Brothers at Extreme Left, then Maduro to the right, and Morelas to the right again."
https://youdescribe.org/video/6qmPNBl2e2U?ad=58e7cf2e46e13dfd851a225e,/legacy,14231595238761.wav,1274.853,1274.853,3.836,extended, Photo of chavez replaces maduro in spectrum., Photo of Chavez replaces Maduro in Spectrum., Photo of Chavez replaces Maduro in Spectrum., Photo of Chavez replaces Maduro in Spectrum., Photo of Chavez replaces Maduro in spectrum., Photo of Chavez replaces Maduro in Spectrum.
https://youdescribe.org/video/6qmPNBl2e2U?ad=58e7cf2e46e13dfd851a225e,/legacy,14231595992791.wav,1327.047,1327.047,5.627,extended, News article with the title bolivian president evil morality signed by football club., News article with the title Bolivian President Evo Morales signed by football club., News article with the title Bolivian President Ivo Morales signed by football club., News article with the title Bolivian President Evo Morales signed by Football Club., News article with the title Bolivian President Evo Morales signed by Football Club., News article with the title Bolivian President Evo Morales signed by Football Club.
https://youdescribe.org/video/6qmPNBl2e2U?ad=58e7cf2e46e13dfd851a225e,/legacy,14231596786881.wav,1383.466,1383.466,3.836,extended," Photo of cristina kirchner, president of argentina."," Photo of Christina Kirchner, President of Argentina."," Photo of Cristina Kirchner, President of Argentina."," Photo of Cristina Kirchner, President of Argentina."," Photo of Christina Kirchner, President of Argentina."," Photo of Christina Kirchner, President of Argentina."
https://youdescribe.org/video/6qmPNBl2e2U?ad=58e7cf2e46e13dfd851a225e,/legacy,14231597066681.wav,1390.645,1390.645,6.649,extended," Political arrow from left to right, showing castro, brothers, maduro, morales, kirchner,", Political arrow from left to right showing Castro Brothers Maduro Morales Kirchner," Political arrow from left to right showing Castro brothers Maduro, Morales, Kirchner."," Political arrow from left to right showing Castro Brothers, Maduro, Morales, Kirchner.", Political arrow from left to right showing Castro Brothers Maduro Morales Kirchner., Political Arrow from left to right showing Castro Brothers Maduro Morales Kirchner.
https://youdescribe.org/video/6qmPNBl2e2U?ad=58e7cf2e46e13dfd851a225e,/legacy,14231597431491.wav,1407.08,1407.08,3.069,extended," Michelle bachelor, president of chile."," Michelle Bachelet, President of Chile."," Michelle Bachelet, President of Chile."," Michelle Bachelet, President of Chile"," Michelle Bachelet, President of Chile."," Michelle Bachelet, President of Chile."
https://youdescribe.org/video/6qmPNBl2e2U?ad=58e7cf2e46e13dfd851a225e,/legacy,14231597762101.wav,1413.473,1413.473,7.673,extended," Political spectrum arrow, from left to right, castor brothers, maduro more, Alice kirchner, basher lei."," Political spectrum arrow from left to right. Castro Brothers, Maduro, Morales, Kirchner, Bachelet."," Political Spectrum Arrow from left to right. Castro Brothers, Maduro, Morales, Kirchner, Bachelet."," Political Spectrum Arrow from left to right. Castro Brothers, Maduro, Morales, Kirchner, Bachelet."," Political spectrum arrow from left to right, Castro Brothers Maduro Morales Kirchner Bachelet."," Political Spectrum Arrow from left to right, Castor Brothers Maduro Morales, Kirchner, Bachelet."
https://youdescribe.org/video/6qmPNBl2e2U?ad=58e7cf2e46e13dfd851a225e,/legacy,14231599664741.wav,1437.249,1437.249,3.58,extended, Photo of deal. Marvelous f president of Brazil.," Photo of Dilma Rousseff, President of Brazil."," Photo of Dilma Rousseff, President of Brazil."," Photo of Dilma Rousseff, President of Brazil."," Photo of Dilma Rousseff, President of Brazil."," photo of Dylma Rousseff, President of Brazil."
https://youdescribe.org/video/6qmPNBl2e2U?ad=58e7cf2e46e13dfd851a225e,/legacy,14231600169401.wav,1470.698,1470.698,5.371,extended, Bruce have shown to the right of basher lay on the left side of the political spectrum., Rousseff shone to the right of Bachelet on the left side of the political spectrum., Rousseff shown to the right of Bachelet on the left side of the political spectrum., Rousseff shone to the right of Bachelet on the left side of the political spectrum., Rousseff shone to the right of Bachelet on the left side of the political spectrum., Rousseau on the left side of the political spectrum.
https://youdescribe.org/video/6qmPNBl2e2U?ad=58e7cf2e46e13dfd851a225e,/legacy,14231600888131.wav,1565.086,1565.086,4.348,extended," Photo of jose mu higa, president of uruguay."," Photo of Jose Mujica, President of Uruguay."," Photo of Jos Mujica, President of Uruguay"," Photo of Jose Mujica, President of Uruguay."," Photo of Jose Mujica, President of Uruguay."," Photo of Jose Mujica, President of Uruguay."
https://youdescribe.org/video/6qmPNBl2e2U?ad=58e7cf2e46e13dfd851a225e,/legacy,14231602095191.wav,1806.24,1806.24,3.58,extended, Photo of prime minister david cameron., Photo of Prime Minister David Cameron., Photo of Prime Minister David Cameron., Photo of Prime Minister David Cameron, Photo of Prime Minister David Cameron., photo of Prime Minister David Cameron.
